season,season_start_year,era_label,notes
2000-01,2000,pre-revolution,
2001-02,2001,pre-revolution,
2002-03,2002,pre-revolution,
2003-04,2003,pre-revolution,
2004-05,2004,pre-revolution,
2005-06,2005,pre-revolution,
2006-07,2006,pre-revolution,
2007-08,2007,pre-revolution,
2008-09,2008,pre-revolution,
2009-10,2009,acceleration,
2010-11,2010,acceleration,
2011-12,2011,acceleration,Lockout-shortened: 66 games per team
2012-13,2012,acceleration,
2013-14,2013,acceleration,
2014-15,2014,acceleration,
2015-16,2015,post-revolution,
2016-17,2016,post-revolution,
2017-18,2017,post-revolution,
2018-19,2018,post-revolution,
2019-20,2019,post-revolution,"COVID-shortened: season suspended, bubble restart"
2020-21,2020,post-revolution,COVID-shortened: 72 games per team
2021-22,2021,post-revolution,
2022-23,2022,post-revolution,
2023-24,2023,post-revolution,
2024-25,2024,post-revolution,
2025-26,2025,post-revolution,
