team_id,franchise_id,team_name,abbreviation,city,active_from,active_to
1610612737,1610612737,Atlanta Hawks,ATL,,2000-01,2025-26
1610612738,1610612738,Boston Celtics,BOS,,2000-01,2025-26
1610612739,1610612739,Cleveland Cavaliers,CLE,,2000-01,2025-26
1610612740,1610612740,New Orleans Pelicans,NOP,,2002-03,2025-26
1610612741,1610612741,Chicago Bulls,CHI,,2000-01,2025-26
1610612742,1610612742,Dallas Mavericks,DAL,,2000-01,2025-26
1610612743,1610612743,Denver Nuggets,DEN,,2000-01,2025-26
1610612744,1610612744,Golden State Warriors,GSW,,2000-01,2025-26
1610612745,1610612745,Houston Rockets,HOU,,2000-01,2025-26
1610612746,1610612746,LA Clippers,LAC,,2000-01,2025-26
1610612747,1610612747,Los Angeles Lakers,LAL,,2000-01,2025-26
1610612748,1610612748,Miami Heat,MIA,,2000-01,2025-26
1610612749,1610612749,Milwaukee Bucks,MIL,,2000-01,2025-26
1610612750,1610612750,Minnesota Timberwolves,MIN,,2000-01,2025-26
1610612751,1610612751,Brooklyn Nets,BKN,,2000-01,2025-26
1610612752,1610612752,New York Knicks,NYK,,2000-01,2025-26
1610612753,1610612753,Orlando Magic,ORL,,2000-01,2025-26
1610612754,1610612754,Indiana Pacers,IND,,2000-01,2025-26
1610612755,1610612755,Philadelphia 76ers,PHI,,2000-01,2025-26
1610612756,1610612756,Phoenix Suns,PHX,,2000-01,2025-26
1610612757,1610612757,Portland Trail Blazers,POR,,2000-01,2025-26
1610612758,1610612758,Sacramento Kings,SAC,,2000-01,2025-26
1610612759,1610612759,San Antonio Spurs,SAS,,2000-01,2025-26
1610612760,1610612760,Oklahoma City Thunder,OKC,,2000-01,2025-26
1610612761,1610612761,Toronto Raptors,TOR,,2000-01,2025-26
1610612762,1610612762,Utah Jazz,UTA,,2000-01,2025-26
1610612763,1610612763,Memphis Grizzlies,MEM,,2000-01,2025-26
1610612764,1610612764,Washington Wizards,WAS,,2000-01,2025-26
1610612765,1610612765,Detroit Pistons,DET,,2000-01,2025-26
1610612766,1610612766,Charlotte Hornets,CHA,,2000-01,2025-26
